{
  "scene": {
    "native": false
  },
  "gizmos-infos": {
    "is2D": false,
    "is3DIcon": false,
    "iconSize": 2,
    "gridVisible": true,
    "gridColor": [
      150,
      150,
      150,
      255
    ],
    "isIconGizmo3D": false,
    "iconGizmoSize": 2,
    "isGridVisible": true
  },
  "float-window": {
    "position": {
      "cc": {
        "Camera": {
          "dock": false,
          "top": null,
          "bottom": 10,
          "left": null,
          "right": 10
        }
      }
    }
  },
  "camera": {
    "fov": 45,
    "far": 10000,
    "near": 0.01,
    "color": [
      48,
      48,
      48,
      255
    ],
    "wheelSpeed": 0.01,
    "wanderSpeed": 10,
    "enableAcceleration": true,
    "far2D": 10000,
    "near2D": 1,
    "wheelSpeed2D": 6,
    "size": "__default_design__"
  },
  "camera-infos": {
    "f46876e4-e81b-4931-b493-6d367be385e7": {
      "position": {
        "x": 0,
        "y": 0,
        "z": 0
      },
      "rotation": {
        "x": 0,
        "y": 0,
        "z": 0,
        "w": 1
      },
      "viewCenter": {
        "x": 0,
        "y": 0,
        "z": 0
      }
    },
    "3ecd1969-1901-4030-a616-8aaf5e863307": {
      "position": {
        "x": 449.0828618813537,
        "y": 180.0372991691435,
        "z": 1523.6187445871665
      },
      "rotation": {
        "x": 0,
        "y": 0,
        "z": 0,
        "w": 1
      },
      "viewCenter": {
        "x": 449.0828618813537,
        "y": 180.0372991691435,
        "z": 0
      }
    },
    "f2e8048a-e778-43d3-bbf3-8bc4f09cf0fc": {
      "position": {
        "x": 56.37100848866652,
        "y": 56.37100848866635,
        "z": 56.37100848866625
      },
      "rotation": {
        "x": -0.27984814233312133,
        "y": 0.3647051996310009,
        "z": 0.11591689595929514,
        "w": 0.8804762392171493
      },
      "viewCenter": {
        "x": 0,
        "y": 0,
        "z": 0
      }
    }
  },
  "camera-uuids": [
    "3ecd1969-1901-4030-a616-8aaf5e863307"
  ],
  "game-view": {
    "scaleValue": 100,
    "sliderValue": 50,
    "fps": 200,
    "devicesInfo": {
      "name": "16:10",
      "type": "ratio",
      "width": 16,
      "height": 10
    },
    "fullScreen": true,
    "stats": true
  }
}
